Age,Attrition,DailyRate,DistanceFromHome,Education,EmployeeCount,EmployeeNumber,EnvironmentSatisfaction,Gender,HourlyRate,JobInvolvement,JobLevel,JobSatisfaction,MonthlyIncome,MonthlyRate,NumCompaniesWorked,PercentSalaryHike,PerformanceRating,RelationshipSatisfaction,StandardHours,StockOptionLevel,TotalWorkingYears,TrainingTimesLastYear,WorkLifeBalance,YearsAtCompany,YearsInCurrentRole,YearsSinceLastPromotion,YearsWithCurrManager
41,Yes,1102,1,2,1,1,2,Female,94,3,2,4,5993,19479,8,11,3,1,80,0,8,0,1,6,4,0,5
49,No,279,8,1,1,2,3,Male,61,2,2,2,5130,24907,1,23,4,4,80,1,10,3,3,10,7,1,7
37,Yes,1373,2,2,1,4,4,Male,92,2,1,3,2090,2396,6,15,3,2,80,0,7,3,3,0,0,0,0
33,No,1392,3,4,1,5,4,Female,56,3,1,3,2909,23159,1,11,3,3,80,0,8,3,3,8,7,3,0
27,No,591,2,1,1,7,1,Male,40,3,1,2,3468,16632,9,12,3,4,80,1,6,3,3,2,2,2,2
32,No,1005,2,2,1,8,4,Male,79,3,1,4,3068,11864,0,13,3,3,80,0,8,2,2,7,7,3,6
59,No,1324,3,3,1,10,3,Female,81,4,1,1,2670,9964,4,20,4,1,80,3,12,3,2,1,0,0,0
30,No,1358,24,1,1,11,4,Male,67,3,1,3,2693,13335,1,22,4,2,80,1,1,2,3,1,0,0,0
38,No,216,23,3,1,12,4,Male,44,2,3,3,9526,8787,0,21,4,2,80,0,10,2,3,9,7,1,8
36,No,1299,27,3,1,13,3,Male,94,3,2,3,5237,16577,6,13,3,2,80,2,17,3,2,7,7,7,7
35,No,809,16,3,1,14,1,Male,84,4,1,2,2426,16479,0,13,3,3,80,1,6,5,3,5,4,0,3
29,No,153,15,2,1,15,4,Female,49,2,2,3,4193,12682,0,12,3,4,80,0,10,3,3,9,5,0,8
31,No,670,26,1,1,16,1,Male,31,3,1,3,2911,15170,1,17,3,4,80,1,5,1,2,5,2,4,3
34,No,1346,19,2,1,18,2,Male,93,3,1,4,2661,8758,0,11,3,3,80,1,3,2,3,2,2,1,2
28,Yes,103,24,3,1,19,3,Male,50,2,1,3,2028,12947,5,14,3,2,80,0,6,4,3,4,2,0,3
29,No,1389,21,4,1,20,2,Female,51,4,3,1,9980,10195,1,11,3,3,80,1,10,1,3,10,9,8,8
32,No,334,5,2,1,21,1,Male,80,4,1,2,3298,15053,0,12,3,4,80,2,7,5,2,6,2,0,5
22,No,1123,16,2,1,22,4,Male,96,4,1,4,2935,7324,1,13,3,2,80,2,1,2,2,1,0,0,0
53,No,1219,2,4,1,23,1,Female,78,2,4,4,15427,22021,2,16,3,3,80,0,31,3,3,25,8,3,7
38,No,371,2,3,1,24,4,Male,45,3,1,4,3944,4306,5,11,3,3,80,0,6,3,3,3,2,1,2
24,No,673,11,2,1,26,1,Female,96,4,2,3,4011,8232,0,18,3,4,80,1,5,5,2,4,2,1,3
36,Yes,1218,9,4,1,27,3,Male,82,2,1,1,3407,6986,7,23,4,2,80,0,10,4,3,5,3,0,3
34,No,419,7,4,1,28,1,Female,53,3,3,2,11994,21293,0,11,3,3,80,0,13,4,3,12,6,2,11
21,No,391,15,2,1,30,3,Male,96,3,1,4,1232,19281,1,14,3,4,80,0,0,6,3,0,0,0,0
34,Yes,699,6,1,1,31,2,Male,83,3,1,1,2960,17102,2,11,3,3,80,0,8,2,3,4,2,1,3
53,No,1282,5,3,1,32,3,Female,58,3,5,3,19094,10735,4,11,3,4,80,1,26,3,2,14,13,4,8
32,Yes,1125,16,1,1,33,2,Female,72,1,1,1,3919,4681,1,22,4,2,80,0,10,5,3,10,2,6,7
42,No,691,8,4,1,35,3,Male,48,3,2,2,6825,21173,0,11,3,4,80,1,10,2,3,9,7,4,2
44,No,477,7,4,1,36,1,Female,42,2,3,4,10248,2094,3,14,3,4,80,1,24,4,3,22,6,5,17
46,No,705,2,4,1,38,2,Female,83,3,5,1,18947,22822,3,12,3,4,80,0,22,2,2,2,2,2,1
33,No,924,2,3,1,39,3,Male,78,3,1,4,2496,6670,4,11,3,4,80,0,7,3,3,1,1,0,0
44,No,1459,10,4,1,40,4,Male,41,3,2,4,6465,19121,2,13,3,4,80,0,9,5,4,4,2,1,3
30,No,125,9,2,1,41,4,Male,83,2,1,3,2206,16117,1,13,3,1,80,0,10,5,3,10,0,1,8
39,Yes,895,5,3,1,42,4,Male,56,3,2,4,2086,3335,3,14,3,3,80,1,19,6,4,1,0,0,0
24,Yes,813,1,3,1,45,2,Male,61,3,1,4,2293,3020,2,16,3,1,80,1,6,2,2,2,0,2,0
43,No,1273,2,2,1,46,4,Female,72,4,1,3,2645,21923,1,12,3,4,80,2,6,3,2,5,3,1,4
50,Yes,869,3,2,1,47,1,Male,86,2,1,3,2683,3810,1,14,3,3,80,0,3,2,3,3,2,0,2
35,No,890,2,3,1,49,4,Female,97,3,1,4,2014,9687,1,13,3,1,80,0,2,3,3,2,2,2,2
36,No,852,5,4,1,51,2,Female,82,2,1,1,3419,13072,9,14,3,4,80,1,6,3,4,1,1,0,0
33,No,1141,1,3,1,52,3,Female,42,4,2,1,5376,3193,2,19,3,1,80,2,10,3,3,5,3,1,3
35,No,464,4,2,1,53,3,Male,75,3,1,4,1951,10910,1,12,3,3,80,1,1,3,3,1,0,0,0
27,No,1240,2,4,1,54,4,Female,33,3,1,1,2341,19715,1,13,3,4,80,1,1,6,3,1,0,0,0
26,Yes,1357,25,3,1,55,1,Male,48,1,1,3,2293,10558,1,12,3,3,80,0,1,2,2,1,0,0,1
27,No,994,8,3,1,56,4,Male,37,3,3,3,8726,2975,1,15,3,4,80,0,9,0,3,9,8,1,7
30,No,721,1,2,1,57,3,Female,58,3,2,4,4011,10781,1,23,4,4,80,0,12,2,3,12,8,3,7
41,Yes,1360,12,3,1,58,2,Female,49,3,5,3,19545,16280,1,12,3,4,80,0,23,0,3,22,15,15,8
34,No,1065,23,4,1,60,2,Male,72,3,2,3,4568,10034,0,20,4,3,80,0,10,2,3,9,5,8,7
37,No,408,19,2,1,61,2,Male,73,3,1,2,3022,10227,4,21,4,1,80,0,8,1,3,1,0,0,0
46,No,1211,5,4,1,62,1,Male,98,3,2,4,5772,20445,4,21,4,3,80,0,14,4,3,9,6,0,8
35,No,1229,8,1,1,63,4,Male,36,4,1,4,2269,4892,1,19,3,4,80,0,1,2,3,1,0,0,1
48,Yes,626,1,2,1,64,1,Male,98,2,3,3,5381,19294,9,13,3,4,80,0,23,2,3,1,0,0,0
28,Yes,1434,5,4,1,65,3,Male,50,3,1,3,3441,11179,1,13,3,3,80,0,2,3,2,2,2,2,2
44,No,1488,1,5,1,68,2,Female,75,3,2,1,5454,4009,5,21,4,3,80,1,9,2,2,4,3,1,3
35,No,1097,11,2,1,70,3,Male,79,2,3,1,9884,8302,2,13,3,3,80,1,10,3,3,4,0,2,3
26,No,1443,23,3,1,72,3,Female,47,2,2,4,4157,21436,7,19,3,3,80,1,5,2,2,2,2,0,0
33,No,515,1,2,1,73,1,Female,98,3,3,4,13458,15146,1,12,3,3,80,0,15,1,3,15,14,8,12
35,No,853,18,5,1,74,2,Male,71,3,3,1,9069,11031,1,22,4,4,80,1,9,3,2,9,8,1,8
35,No,1142,23,4,1,75,3,Female,30,3,1,1,4014,16002,3,15,3,3,80,1,4,3,3,2,2,2,2
31,No,655,7,4,1,76,4,Male,48,3,2,4,5915,9528,3,22,4,4,80,1,10,3,2,7,7,1,7
37,No,1115,1,4,1,77,1,Male,51,2,2,3,5993,2689,1,18,3,3,80,1,7,2,4,7,5,0,7
32,No,427,1,3,1,78,1,Male,33,3,2,4,6162,10877,1,22,4,2,80,1,9,3,3,9,8,7,8
38,No,653,29,5,1,79,4,Female,50,3,2,4,2406,5456,1,11,3,4,80,0,10,2,3,10,3,9,9
50,No,989,7,2,1,80,2,Female,43,2,5,3,18740,16701,5,12,3,4,80,1,29,2,2,27,3,13,8
59,No,1435,25,3,1,81,1,Female,99,3,3,1,7637,2354,7,11,3,4,80,0,28,3,2,21,16,7,9
36,No,1223,8,3,1,83,3,Female,59,3,3,3,10096,8202,1,13,3,2,80,3,17,2,3,17,14,12,8
55,No,836,8,3,1,84,4,Female,33,3,4,3,14756,19730,2,14,3,3,80,3,21,2,3,5,0,0,2
36,No,1195,11,3,1,85,2,Male,95,2,2,2,6499,22656,1,13,3,3,80,0,6,3,3,6,5,0,3
45,No,1339,7,3,1,86,2,Male,59,3,3,1,9724,18787,2,17,3,3,80,1,25,2,3,1,0,0,0
35,No,664,1,3,1,88,2,Male,79,3,1,1,2194,5868,4,13,3,4,80,1,5,2,2,3,2,1,2
36,Yes,318,9,3,1,90,4,Male,79,2,1,3,3388,21777,0,17,3,1,80,1,2,0,2,1,0,0,0
59,No,1225,1,1,1,91,1,Female,57,2,2,3,5473,24668,7,11,3,4,80,0,20,2,2,4,3,1,3
29,No,1328,2,3,1,94,3,Male,76,3,1,2,2703,4956,0,23,4,4,80,1,6,3,3,5,4,0,4
31,No,1082,1,4,1,95,3,Male,87,3,1,2,2501,18775,1,17,3,2,80,0,1,4,3,1,1,1,0
32,No,548,1,3,1,96,2,Male,66,3,2,2,6220,7346,1,17,3,2,80,2,10,3,3,10,4,0,9
36,No,132,6,3,1,97,2,Female,55,4,1,4,3038,22002,3,12,3,2,80,0,5,3,3,1,0,0,0
31,No,746,8,4,1,98,3,Female,61,3,2,4,4424,20682,1,23,4,4,80,0,11,2,3,11,7,1,8
35,No,776,1,4,1,100,3,Male,32,2,2,1,4312,23016,0,14,3,2,80,0,16,2,3,15,13,2,8
45,No,193,6,4,1,101,4,Male,52,3,3,1,13245,15067,4,14,3,2,80,0,17,3,4,0,0,0,0
37,No,397,7,4,1,102,1,Male,30,3,3,3,13664,25258,4,13,3,1,80,0,16,3,4,5,2,0,2
46,No,945,5,2,1,103,2,Male,80,3,2,2,5021,10425,8,22,4,4,80,1,16,2,3,4,2,0,2
30,No,852,1,1,1,104,4,Male,55,2,2,4,5126,15998,1,12,3,3,80,2,10,1,2,10,8,3,0
35,No,1214,1,3,1,105,2,Male,30,2,1,3,2859,26278,1,18,3,1,80,0,6,3,3,6,4,0,4
55,No,111,1,2,1,106,1,Male,70,3,3,4,10239,18092,3,14,3,4,80,1,24,4,3,1,0,1,0
38,No,573,6,3,1,107,2,Female,79,1,2,4,5329,15717,7,12,3,4,80,3,17,3,3,13,11,1,9
34,No,1153,1,2,1,110,1,Male,94,3,2,2,4325,17736,1,15,3,3,80,0,5,2,3,5,2,1,3
56,No,1400,7,3,1,112,4,Male,49,1,3,4,7260,21698,4,11,3,1,80,0,37,3,2,6,4,0,2
23,No,541,2,1,1,113,3,Male,62,3,1,1,2322,9518,3,13,3,3,80,1,3,3,3,0,0,0,0
51,No,432,9,4,1,116,4,Male,96,3,1,4,2075,18725,3,23,4,2,80,2,10,4,3,4,2,0,3
30,No,288,2,3,1,117,3,Male,99,2,2,4,4152,15830,1,19,3,1,80,3,11,3,3,11,10,10,8
46,Yes,669,9,2,1,118,3,Male,64,2,3,4,9619,13596,1,16,3,4,80,0,9,3,3,9,8,4,7
40,No,530,1,4,1,119,3,Male,78,2,4,2,13503,14115,1,22,4,4,80,1,22,3,2,22,3,11,11
51,No,632,21,4,1,120,3,Male,71,3,2,4,5441,8423,0,22,4,4,80,0,11,2,1,10,7,1,0
30,No,1334,4,2,1,121,3,Female,63,2,2,2,5209,19760,1,12,3,2,80,3,11,4,2,11,8,2,7
46,No,638,1,3,1,124,3,Male,40,2,3,1,10673,3142,2,13,3,3,80,1,21,5,2,10,9,9,5
32,No,1093,6,4,1,125,2,Male,87,3,2,3,5010,24301,1,16,3,1,80,0,12,0,3,11,8,5,7
54,No,1217,2,4,1,126,1,Female,60,3,3,3,13549,24001,9,12,3,1,80,1,16,5,1,4,3,0,3
24,No,1353,3,2,1,128,1,Female,33,3,2,3,4999,17519,0,21,4,1,80,1,4,2,2,3,2,0,2
28,No,120,4,3,1,129,2,Male,43,3,2,3,4221,8863,1,15,3,2,80,0,5,3,4,5,4,0,4
58,No,682,10,4,1,131,4,Male,37,3,4,3,13872,24409,0,13,3,3,80,0,38,1,2,37,10,1,8
44,No,489,23,3,1,132,2,Male,67,3,2,2,2042,25043,4,12,3,3,80,1,17,3,4,3,2,1,2
37,Yes,807,6,4,1,133,3,Male,63,3,1,1,2073,23648,4,22,4,4,80,0,7,3,3,3,2,0,2
32,No,827,1,1,1,134,4,Male,71,3,1,1,2956,15178,1,13,3,4,80,0,1,2,3,1,0,0,0
20,Yes,871,6,3,1,137,4,Female,66,2,1,4,2926,19783,1,18,3,2,80,0,1,5,3,1,0,1,0
34,No,665,6,4,1,138,1,Female,41,3,2,3,4809,12482,1,14,3,3,80,0,16,3,3,16,13,2,10
37,No,1040,2,2,1,139,3,Male,100,2,2,4,5163,15850,5,14,3,4,80,1,17,2,4,1,0,0,0
59,No,1420,2,4,1,140,3,Female,32,2,5,4,18844,21922,9,21,4,4,80,1,30,3,3,3,2,2,2
50,No,1115,1,3,1,141,1,Female,73,3,5,2,18172,9755,3,19,3,1,80,0,28,1,2,8,3,0,7
25,Yes,240,5,3,1,142,3,Male,46,2,2,3,5744,26959,1,11,3,4,80,0,6,1,3,6,4,0,3
25,No,1280,7,1,1,143,4,Male,64,2,1,4,2889,26897,1,11,3,3,80,2,2,2,3,2,2,2,1
22,No,534,15,3,1,144,2,Female,59,3,1,4,2871,23785,1,15,3,3,80,0,1,5,3,0,0,0,0
51,No,1456,1,4,1,145,1,Female,30,2,3,1,7484,25796,3,20,4,3,80,0,23,1,2,13,12,12,8
34,Yes,658,7,3,1,147,1,Male,66,1,2,3,6074,22887,1,24,4,4,80,0,9,3,3,9,7,0,6
54,No,142,26,3,1,148,4,Female,30,4,4,4,17328,13871,2,12,3,3,80,0,23,3,3,5,3,4,4
24,No,1127,18,1,1,150,2,Male,52,3,1,3,2774,13257,0,12,3,3,80,1,6,2,3,5,3,1,2
34,No,1031,6,4,1,151,3,Female,45,2,2,2,4505,15000,6,15,3,3,80,1,12,3,3,1,0,0,0
37,No,1189,3,3,1,152,3,Male,87,3,3,4,7428,14506,2,12,3,1,80,0,12,3,3,5,3,1,3
34,No,1354,5,3,1,153,3,Female,45,2,3,1,11631,5615,2,12,3,4,80,0,14,6,3,11,10,5,8
36,No,1467,11,2,1,154,2,Female,92,3,3,4,9738,22952,0,14,3,3,80,1,10,6,3,9,7,2,8
36,No,922,3,2,1,155,1,Female,39,3,1,4,2835,2561,5,22,4,1,80,1,7,2,3,1,0,0,0
43,No,394,26,2,1,158,3,Male,92,3,4,4,16959,19494,1,12,3,4,80,2,25,3,4,25,12,4,12
30,No,1312,23,3,1,159,1,Male,96,1,1,3,2613,22310,1,25,4,3,80,3,10,2,2,10,7,0,9
33,No,750,22,2,1,160,3,Male,95,3,2,2,6146,15480,0,13,3,1,80,1,8,2,4,7,7,0,7
56,Yes,441,14,4,1,161,2,Female,72,3,1,2,4963,4510,9,18,3,1,80,3,7,2,3,5,4,4,3
51,No,684,6,3,1,162,1,Male,51,3,5,3,19537,6462,7,13,3,3,80,0,23,5,3,20,18,15,15
31,Yes,249,6,4,1,163,2,Male,76,1,2,3,6172,20739,4,18,3,2,80,0,12,3,2,7,7,7,7
26,No,841,6,3,1,164,3,Female,46,2,1,2,2368,23300,1,19,3,3,80,0,5,3,2,5,4,4,3
58,Yes,147,23,4,1,165,4,Female,94,3,3,4,10312,3465,1,12,3,4,80,1,40,3,2,40,10,15,6
19,Yes,528,22,1,1,167,4,Male,50,3,1,3,1675,26820,1,19,3,4,80,0,0,2,2,0,0,0,0
22,No,594,2,1,1,169,3,Male,100,3,1,4,2523,19299,0,14,3,3,80,1,3,2,3,2,1,2,1
49,No,470,20,4,1,170,3,Female,96,3,2,1,6567,5549,1,14,3,3,80,0,16,2,2,15,11,5,11
43,No,957,28,3,1,171,2,Female,72,4,1,3,4739,16090,4,12,3,4,80,0,18,2,3,3,2,1,2
50,No,809,12,3,1,174,3,Female,77,3,3,4,9208,6645,4,11,3,4,80,0,16,3,3,2,2,2,1
31,Yes,542,20,3,1,175,2,Female,71,1,2,3,4559,24788,3,11,3,3,80,1,4,2,3,2,2,2,2
41,No,802,9,1,1,176,3,Male,96,3,3,3,8189,21196,3,13,3,3,80,1,12,2,3,9,7,0,7
26,No,1355,25,1,1,177,3,Female,61,3,1,3,2942,8916,1,23,4,4,80,1,8,3,3,8,7,5,7
36,No,216,6,2,1,178,2,Male,84,3,2,2,4941,2819,6,20,4,4,80,2,7,0,3,3,2,0,1
51,Yes,1150,8,4,1,179,1,Male,53,1,3,4,10650,25150,2,15,3,4,80,0,18,2,3,4,2,0,3
39,No,1329,4,4,1,182,4,Female,47,2,2,3,5902,14590,4,14,3,3,80,1,17,1,4,15,11,5,9
25,No,959,28,3,1,183,1,Male,41,2,2,3,8639,24835,2,18,3,4,80,0,6,3,3,2,2,2,2
30,No,1240,9,3,1,184,3,Male,48,3,2,4,6347,13982,0,19,3,4,80,0,12,2,1,11,9,4,7
32,Yes,1033,9,3,1,190,1,Female,41,3,1,1,4200,10224,7,22,4,1,80,0,10,2,4,5,4,0,4
45,No,1316,29,3,1,192,3,Male,83,3,1,4,3452,9752,5,13,3,2,80,0,9,2,2,6,5,0,3
38,No,364,3,5,1,193,4,Female,32,3,2,3,4317,2302,3,20,4,2,80,0,19,2,3,3,2,2,2
30,No,438,18,3,1,194,1,Female,75,3,1,3,2632,23910,1,14,3,3,80,0,5,4,2,5,4,0,4
32,No,689,9,2,1,195,4,Male,35,1,2,4,4668,22812,0,17,3,4,80,3,9,2,4,8,7,0,7
30,No,201,5,3,1,197,4,Female,84,3,1,1,3204,10415,5,14,3,4,80,1,8,3,3,3,2,2,2
30,No,1427,2,1,1,198,2,Male,35,2,1,4,2720,11162,0,13,3,4,80,0,6,3,3,5,3,1,2
41,No,857,10,3,1,199,4,Male,91,2,4,1,17181,12888,4,13,3,2,80,1,21,2,2,7,6,7,7
41,No,933,9,4,1,200,3,Male,94,3,1,1,2238,6961,2,21,4,4,80,1,7,2,3,5,0,1,4
19,No,1181,3,1,1,201,2,Female,79,3,1,2,1483,16102,1,14,3,4,80,0,1,3,3,1,0,0,0
40,No,1395,26,3,1,202,2,Female,54,3,2,2,5605,8504,1,11,3,1,80,1,20,2,3,20,7,2,13
35,No,662,1,5,1,204,3,Male,94,3,3,2,7295,11439,1,13,3,1,80,2,10,3,3,10,8,0,6
53,No,1436,6,2,1,205,2,Male,34,3,2,3,2306,16047,2,20,4,4,80,1,13,3,1,7,7,4,5
45,No,194,9,3,1,206,2,Male,60,3,2,2,2348,10901,8,18,3,3,80,1,20,2,1,17,9,0,15
32,No,967,8,3,1,207,2,Female,43,3,3,4,8998,15589,1,14,3,4,80,0,9,2,3,9,8,3,7
29,No,1496,1,1,1,208,4,Male,41,3,2,3,4319,26283,1,13,3,1,80,1,10,1,3,10,7,0,9
51,No,1169,7,4,1,211,2,Male,34,2,2,3,6132,13983,2,17,3,3,80,0,10,2,3,1,0,0,0
58,No,1145,9,3,1,214,2,Female,75,2,1,2,3346,11873,4,20,4,2,80,1,9,3,2,1,0,0,0
40,No,630,4,4,1,215,3,Male,67,2,3,4,10855,8552,7,11,3,1,80,1,15,2,2,12,11,2,11
34,No,303,2,4,1,216,3,Female,75,3,1,3,2231,11314,6,18,3,4,80,1,6,3,3,4,3,1,2
22,No,1256,19,1,1,217,3,Male,80,3,1,4,2323,11992,1,24,4,1,80,2,2,6,3,2,2,2,2
27,No,691,9,3,1,218,4,Male,57,3,1,2,2024,5970,6,18,3,4,80,1,6,1,1,2,2,2,2
28,No,440,21,3,1,221,3,Male,42,3,1,4,2713,6672,1,11,3,3,80,1,5,2,1,5,2,0,2
57,No,334,24,2,1,223,3,Male,83,4,3,4,9439,23402,3,16,3,2,80,1,12,2,1,5,3,1,4
27,No,1450,3,3,1,224,3,Male,79,2,1,3,2566,25326,1,15,3,4,80,1,1,2,2,1,1,0,1
50,No,1452,11,3,1,226,3,Female,53,3,5,2,19926,17053,3,15,3,2,80,0,21,5,3,5,4,4,4
41,No,465,14,3,1,227,1,Male,56,3,1,3,2451,4609,4,12,3,1,80,1,13,2,3,9,8,1,8
30,No,1339,5,3,1,228,2,Female,41,3,3,4,9419,8053,2,12,3,3,80,1,12,2,3,10,9,7,4
38,No,702,1,4,1,230,1,Female,59,2,2,4,8686,12930,4,22,4,3,80,0,12,2,4,8,3,0,7
32,No,120,6,5,1,231,3,Male,43,3,1,3,3038,12430,3,20,4,1,80,0,8,2,3,5,4,1,4
27,No,1157,17,3,1,233,3,Male,51,3,1,2,3058,13364,0,16,3,4,80,1,6,3,2,5,2,1,1
19,Yes,602,1,1,1,235,3,Female,100,1,1,1,2325,20989,0,21,4,1,80,0,1,5,4,0,0,0,0
36,No,1480,3,2,1,238,4,Male,30,3,1,2,2088,15062,4,12,3,3,80,0,13,3,2,8,7,7,2
30,No,111,9,3,1,239,3,Male,66,3,2,1,3072,11012,1,11,3,3,80,2,12,4,3,12,9,6,10
45,No,1268,4,2,1,240,3,Female,30,3,2,1,5006,6319,4,11,3,1,80,1,9,3,4,5,4,0,3
56,No,713,8,3,1,241,3,Female,67,3,1,1,4257,13939,4,18,3,3,80,1,19,3,3,2,2,2,2
33,No,134,2,3,1,242,3,Male,90,3,1,4,2500,10515,0,14,3,1,80,0,4,2,4,3,1,0,2
19,Yes,303,2,3,1,243,2,Male,47,2,1,4,1102,9241,1,22,4,3,80,0,1,3,2,1,0,1,0
46,No,526,1,2,1,244,2,Female,92,3,3,1,10453,2137,1,25,4,3,80,3,24,2,3,24,13,15,7
38,No,1380,9,2,1,245,3,Female,75,3,1,4,2288,6319,1,12,3,3,80,0,2,3,3,2,2,2,1
31,No,140,12,1,1,246,3,Female,95,3,1,4,3929,6984,8,23,4,3,80,1,7,0,3,4,2,0,2
34,No,629,27,2,1,247,4,Female,95,3,1,2,2311,5711,2,15,3,4,80,0,9,3,3,3,2,1,2
41,Yes,1356,20,2,1,248,2,Female,70,3,1,2,3140,21728,1,22,4,4,80,0,4,5,2,4,3,0,2
50,No,328,1,3,1,249,3,Male,86,2,1,3,3690,3425,2,15,3,4,80,1,5,2,2,3,2,0,2
53,No,1084,13,2,1,250,4,Female,57,4,2,1,4450,26250,1,11,3,3,80,2,5,3,3,4,2,1,3
33,No,931,14,3,1,252,4,Female,72,3,1,2,2756,4673,1,13,3,4,80,1,8,5,3,8,7,1,6
40,No,989,4,1,1,253,4,Female,46,3,5,3,19033,6499,1,14,3,2,80,1,21,2,3,20,8,9,9
55,No,692,14,4,1,254,3,Male,61,4,5,2,18722,13339,8,11,3,4,80,0,36,3,3,24,15,2,15
34,No,1069,2,1,1,256,4,Male,45,2,2,3,9547,14074,1,17,3,3,80,0,10,2,2,10,9,1,9
51,No,313,3,3,1,258,4,Female,98,3,4,2,13734,7192,3,18,3,3,80,0,21,6,3,7,7,1,0
52,No,699,1,4,1,259,3,Male,65,2,5,3,19999,5678,0,14,3,1,80,1,34,5,3,33,18,11,9
27,No,894,9,3,1,260,4,Female,99,3,1,2,2279,11781,1,16,3,4,80,0,7,2,2,7,7,0,3
35,Yes,556,23,2,1,261,2,Male,50,2,2,3,5916,15497,3,13,3,1,80,0,8,1,3,1,0,0,1
43,No,1344,7,3,1,262,4,Male,37,4,1,4,2089,5228,4,14,3,4,80,3,7,3,4,5,4,2,2
45,No,1195,2,2,1,264,1,Male,65,2,4,4,16792,20462,9,23,4,4,80,1,22,1,3,20,8,11,8
37,No,290,21,3,1,267,2,Male,65,4,1,1,3564,22977,1,12,3,1,80,1,8,3,2,8,7,1,7
35,No,138,2,3,1,269,2,Female,37,3,2,2,4425,15986,5,11,3,4,80,0,10,5,3,6,2,1,2
42,No,926,21,2,1,270,3,Female,36,3,2,3,5265,16439,2,16,3,2,80,1,11,5,3,5,3,0,2
38,No,1261,2,4,1,271,4,Male,88,3,2,3,6553,7259,9,14,3,2,80,0,14,3,3,1,0,0,0
38,No,1084,29,3,1,273,4,Male,54,3,2,4,6261,4185,3,18,3,1,80,1,9,3,1,7,7,1,7
27,No,472,1,1,1,274,3,Male,60,2,2,1,4298,9679,5,19,3,3,80,1,6,1,3,2,2,2,0
49,No,1002,18,4,1,275,4,Male,92,3,2,4,6804,23793,1,15,3,1,80,2,7,0,3,7,7,1,7
34,No,878,10,4,1,277,4,Male,43,3,1,3,3815,5972,1,17,3,4,80,1,5,4,4,5,3,2,0
40,No,905,19,2,1,281,3,Male,99,3,2,4,2741,16523,8,15,3,3,80,1,15,2,4,7,2,3,7
38,Yes,1180,29,1,1,282,2,Male,70,3,2,1,6673,11354,7,19,3,2,80,0,17,2,3,1,0,0,0
29,Yes,121,27,3,1,283,2,Female,35,3,3,4,7639,24525,1,22,4,4,80,3,10,3,2,10,4,1,9
22,No,1136,5,3,1,284,4,Male,60,4,1,2,2328,12392,1,16,3,1,80,1,4,2,2,4,2,2,2
36,No,635,18,1,1,286,2,Female,73,3,1,4,2153,7703,1,13,3,1,80,0,8,2,3,8,1,1,7
40,No,1151,9,5,1,287,4,Male,63,2,2,4,4876,14242,9,14,3,4,80,1,5,5,1,3,2,0,2
46,No,644,1,4,1,288,4,Male,97,3,3,1,9396,12368,7,16,3,3,80,1,17,3,3,4,2,0,3
32,Yes,1045,4,4,1,291,4,Male,32,1,3,4,10400,25812,1,11,3,3,80,0,14,2,2,14,8,9,8
30,No,829,1,1,1,292,3,Male,88,2,3,3,8474,20925,1,22,4,3,80,0,12,2,3,11,8,5,8
27,No,1242,20,3,1,293,4,Female,90,3,2,3,9981,12916,1,14,3,4,80,0,7,2,3,7,7,0,7
51,No,1469,8,4,1,296,2,Male,81,2,3,2,12490,15736,5,16,3,4,80,2,16,5,1,10,9,4,7
30,Yes,1005,3,3,1,297,4,Female,88,3,1,1,2657,8556,5,11,3,3,80,0,8,5,3,5,2,0,4
41,No,896,6,3,1,298,4,Female,75,3,3,4,13591,14674,3,18,3,3,80,0,16,3,3,1,0,0,0
30,Yes,334,26,4,1,299,3,Female,52,2,2,1,6696,22967,5,15,3,3,80,0,9,5,2,6,3,0,1
29,Yes,992,1,3,1,300,3,Male,85,3,1,3,2058,19757,0,14,3,4,80,0,7,1,2,6,2,1,5
45,No,1052,6,3,1,302,4,Female,57,2,3,4,8865,16840,6,12,3,4,80,0,23,2,3,19,7,12,8
54,No,1147,3,3,1,303,4,Female,52,3,2,1,5940,17011,2,14,3,4,80,1,16,4,3,6,2,0,5
36,No,1396,5,2,1,304,4,Male,62,3,2,2,5914,9945,8,16,3,4,80,0,16,3,4,13,11,3,7
33,No,147,4,4,1,305,3,Female,47,2,1,2,2622,13248,6,21,4,4,80,0,7,3,3,3,2,1,1
37,No,663,11,3,1,306,2,Male,47,3,3,4,12185,10056,1,14,3,3,80,3,10,1,3,10,8,0,7
38,No,119,3,3,1,307,1,Male,76,3,3,3,10609,9647,0,12,3,3,80,2,17,6,2,16,10,5,13
31,No,979,1,4,1,308,3,Male,90,1,2,3,4345,4381,0,12,3,4,80,1,6,2,3,5,4,1,4
59,No,142,3,3,1,309,3,Male,70,2,1,4,2177,8456,3,17,3,1,80,1,7,6,3,1,0,0,0
37,No,319,4,4,1,311,1,Male,41,3,1,4,2793,2539,4,17,3,3,80,1,13,2,3,9,8,5,8
29,No,1413,1,1,1,312,2,Female,42,3,3,4,7918,6599,1,14,3,4,80,1,11,5,3,11,10,4,1
35,No,944,1,3,1,314,3,Female,92,3,3,3,8789,9096,1,14,3,1,80,0,10,3,4,10,7,0,8
29,Yes,896,18,1,1,315,3,Male,86,2,1,4,2389,14961,1,13,3,3,80,0,4,3,2,4,3,0,1
52,No,1323,2,3,1,316,3,Female,89,2,1,4,3212,3300,7,15,3,2,80,0,6,3,2,2,2,2,2
42,No,532,4,2,1,319,3,Male,58,3,5,4,19232,4933,1,11,3,4,80,0,22,3,3,22,17,11,15
59,No,818,6,2,1,321,2,Male,52,3,1,3,2267,25657,8,17,3,4,80,0,7,2,2,2,2,2,2
50,No,854,1,4,1,323,4,Female,68,3,5,4,19517,24118,3,11,3,3,80,1,32,3,2,7,0,0,6
33,Yes,813,14,3,1,325,3,Male,58,3,1,4,2436,22149,5,13,3,3,80,1,8,2,1,5,4,0,4
43,No,1034,16,3,1,327,4,Female,80,3,4,4,16064,7744,5,22,4,3,80,1,22,3,3,17,13,1,9
33,Yes,465,2,2,1,328,1,Female,39,3,1,1,2707,21509,7,20,4,1,80,0,13,3,4,9,7,1,7
52,No,771,2,4,1,329,1,Male,79,2,5,3,19068,21030,1,18,3,4,80,0,33,2,4,33,7,15,12
32,No,1401,4,2,1,330,3,Female,56,3,1,2,3931,20990,2,11,3,1,80,1,6,5,3,4,3,1,2
32,Yes,515,1,3,1,331,4,Male,62,2,1,3,3730,9571,0,14,3,4,80,0,4,2,1,3,2,1,2
39,No,1431,1,4,1,332,3,Female,96,3,1,3,2232,15417,7,14,3,3,80,3,7,1,3,3,2,1,2
32,No,976,26,4,1,333,3,Male,100,3,2,4,4465,12069,0,18,3,1,80,0,4,2,3,3,2,2,2
41,No,1411,19,2,1,334,3,Male,36,3,2,1,3072,19877,2,16,3,1,80,2,17,2,2,1,0,0,0
40,No,1300,24,2,1,335,1,Male,62,3,2,4,3319,24447,1,17,3,1,80,2,9,3,3,9,8,4,7
45,No,252,1,3,1,336,3,Male,70,4,5,4,19202,15970,0,11,3,3,80,1,25,2,3,24,0,1,7
31,No,1327,3,4,1,337,2,Male,73,3,3,3,13675,13523,9,12,3,1,80,1,9,3,3,2,2,2,2
33,No,832,5,4,1,338,3,Female,63,2,1,4,2911,14776,1,13,3,3,80,1,2,2,2,2,2,0,2
34,No,470,2,4,1,339,4,Male,84,2,2,1,5957,23687,6,13,3,2,80,1,13,3,3,11,9,5,9
37,No,1017,1,2,1,340,3,Female,83,2,1,1,3920,18697,2,14,3,1,80,1,17,2,2,3,1,0,2
45,No,1199,7,4,1,341,1,Male,77,4,2,3,6434,5118,4,17,3,4,80,1,9,1,3,3,2,0,2
37,Yes,504,10,3,1,342,1,Male,61,3,3,3,10048,22573,6,11,3,2,80,2,17,5,3,1,0,0,0
39,No,505,2,4,1,343,3,Female,64,3,3,3,10938,6420,0,25,4,4,80,0,20,1,3,19,6,11,8
29,No,665,15,3,1,346,3,Male,60,3,1,4,2340,22673,1,19,3,1,80,0,6,1,3,6,5,1,5
42,No,916,17,2,1,347,4,Female,82,4,2,1,6545,23016,3,13,3,3,80,0,10,1,3,3,2,0,2
29,No,1247,20,2,1,349,4,Male,45,3,2,4,6931,10732,2,14,3,4,80,1,10,2,3,3,2,0,2
25,No,685,1,3,1,350,1,Female,62,3,2,3,4898,7505,0,12,3,4,80,2,5,3,3,4,2,1,2
42,No,269,2,3,1,351,4,Female,56,2,1,1,2593,8007,0,11,3,3,80,1,10,4,3,9,6,7,8
40,No,1416,2,2,1,352,1,Male,49,3,5,3,19436,5949,0,19,3,4,80,1,22,5,3,21,7,3,9
51,No,833,1,3,1,353,3,Male,96,3,1,4,2723,23231,1,11,3,2,80,0,1,0,2,1,0,0,0
31,Yes,307,29,2,1,355,3,Male,71,2,1,2,3479,11652,0,11,3,2,80,0,6,2,4,5,4,1,4
32,No,1311,7,3,1,359,2,Male,100,4,1,2,2794,26062,1,20,4,3,80,0,5,3,1,5,1,0,3
38,No,1327,2,2,1,361,4,Male,39,2,2,4,5249,19682,3,18,3,4,80,1,13,0,3,8,7,7,5
32,No,128,2,1,1,362,4,Male,84,2,2,1,2176,19737,4,13,3,4,80,0,9,5,3,6,2,0,4
46,No,488,2,3,1,363,3,Female,75,1,4,2,16872,14977,3,12,3,2,80,1,28,2,2,7,7,7,7
28,Yes,529,2,4,1,364,1,Male,79,3,1,3,3485,14935,2,11,3,3,80,0,5,5,1,0,0,0,0
29,No,1210,2,3,1,366,1,Male,78,2,2,2,6644,3687,2,19,3,2,80,2,10,2,3,0,0,0,0
31,No,1463,23,3,1,367,2,Male,64,2,2,4,5582,14408,0,21,4,2,80,1,10,2,3,9,0,7,8
25,No,675,5,2,1,369,2,Male,85,4,2,1,4000,18384,1,12,3,4,80,2,6,2,3,6,3,1,5
45,No,1385,20,2,1,372,3,Male,79,3,4,4,13496,7501,0,14,3,2,80,0,21,2,3,20,7,4,10
36,No,1403,6,3,1,373,4,Male,47,3,1,4,3210,20251,0,11,3,3,80,1,16,4,3,15,13,10,11
55,No,452,1,3,1,374,4,Male,81,3,5,1,19045,18938,0,14,3,3,80,0,37,2,3,36,10,4,13
47,Yes,666,29,4,1,376,1,Male,88,3,3,2,11849,10268,1,12,3,4,80,1,10,2,2,10,7,9,9
28,No,1158,9,3,1,377,4,Male,94,3,1,4,2070,2613,1,23,4,4,80,1,5,3,2,5,2,0,4
37,No,228,6,4,1,378,3,Male,98,3,2,4,6502,22825,4,14,3,2,80,1,7,5,4,5,4,0,1
21,No,996,3,2,1,379,4,Male,100,2,1,3,3230,10531,1,17,3,1,80,0,3,4,4,3,2,1,0
37,No,728,1,4,1,380,1,Female,80,3,3,4,13603,11677,2,18,3,1,80,2,15,2,3,5,2,0,2
35,No,1315,22,3,1,381,2,Female,71,4,3,2,11996,19100,7,18,3,2,80,1,10,6,2,7,7,6,2
38,No,322,7,2,1,382,1,Female,44,4,2,1,5605,19191,1,24,4,3,80,1,8,3,3,8,0,7,7
26,No,1479,1,3,1,384,3,Female,84,3,2,2,6397,26767,1,20,4,1,80,1,6,6,1,6,5,1,4
50,No,797,4,1,1,385,1,Male,96,3,5,2,19144,15815,3,14,3,1,80,2,28,4,2,10,4,1,6
53,No,1070,3,4,1,386,3,Male,45,3,4,3,17584,21016,3,16,3,4,80,3,21,5,2,5,3,1,3
42,No,635,1,1,1,387,2,Male,99,3,2,3,4907,24532,1,25,4,3,80,0,20,3,3,20,16,11,6
29,No,442,2,2,1,388,2,Male,44,3,2,4,4554,20260,1,18,3,1,80,0,10,3,2,10,7,0,9
55,No,147,20,2,1,389,2,Male,37,3,2,4,5415,15972,3,19,3,4,80,1,12,4,3,10,7,0,8
26,No,496,11,2,1,390,1,Male,60,3,2,1,4741,22722,1,13,3,3,80,1,5,3,3,5,3,3,3
37,No,1372,1,3,1,391,4,Female,42,3,1,4,2115,15881,1,12,3,2,80,0,17,3,3,17,12,5,7
44,Yes,920,24,3,1,392,4,Male,43,3,1,3,3161,19920,3,22,4,4,80,1,19,0,1,1,0,0,0
38,No,688,23,4,1,393,4,Male,82,3,2,4,5745,18899,9,14,3,2,80,1,10,2,3,2,2,1,2
26,Yes,1449,16,4,1,394,1,Male,45,3,1,2,2373,14180,2,13,3,4,80,1,5,2,3,3,2,0,2
28,No,1117,8,2,1,395,4,Female,66,3,1,4,3310,4488,1,21,4,4,80,0,5,3,3,5,3,0,2
49,No,636,10,4,1,396,3,Female,35,3,5,1,18665,25594,9,11,3,4,80,0,22,4,3,3,2,1,2
36,No,506,3,3,1,397,3,Male,30,3,2,2,4485,26285,4,12,3,4,80,0,10,2,3,8,0,7,7
31,No,444,5,3,1,399,4,Female,84,3,1,2,2789,3909,1,11,3,3,80,1,2,5,2,2,2,2,2
26,Yes,950,4,4,1,401,4,Male,48,2,2,4,5828,8450,1,12,3,2,80,0,8,0,3,8,7,7,4
37,No,889,9,3,1,403,2,Male,53,3,1,4,2326,11411,1,12,3,3,80,3,4,3,2,4,2,1,2
42,No,555,26,3,1,404,3,Female,77,3,4,2,13525,14864,5,14,3,4,80,1,23,2,4,20,4,4,8
18,Yes,230,3,3,1,405,3,Male,54,3,1,3,1420,25233,1,13,3,3,80,0,0,2,3,0,0,0,0
35,No,1232,16,3,1,406,3,Male,96,3,3,2,8020,5100,0,15,3,3,80,2,12,3,2,11,9,6,9
36,No,566,18,4,1,407,3,Male,81,4,1,4,3688,7122,4,18,3,4,80,2,4,2,3,1,0,0,0
51,No,1302,2,3,1,408,4,Male,84,1,2,2,5482,16321,5,18,3,4,80,1,13,3,3,4,1,1,2
41,No,334,2,4,1,410,4,Male,88,3,4,2,16015,15896,1,19,3,2,80,0,22,2,3,22,10,0,4
18,No,812,10,3,1,411,4,Female,69,2,1,3,1200,9724,1,12,3,1,80,0,0,2,3,0,0,0,0
28,No,1476,16,2,1,412,2,Male,68,4,2,1,5661,4824,0,19,3,3,80,0,9,2,3,8,3,0,7
31,No,218,7,3,1,416,2,Male,100,4,2,4,6929,12241,4,11,3,2,80,1,10,3,2,8,7,7,7
39,No,1132,1,3,1,417,3,Male,48,4,3,4,9613,10942,0,17,3,1,80,3,19,5,2,18,10,3,7
36,No,1105,24,4,1,419,2,Female,47,3,2,2,5674,6927,7,15,3,3,80,1,11,3,3,9,8,0,8
32,No,906,7,3,1,420,4,Male,91,2,2,3,5484,16985,1,14,3,3,80,1,13,3,2,13,8,4,8
38,No,849,25,2,1,421,1,Female,81,2,3,2,12061,26707,3,17,3,3,80,1,19,2,3,10,8,0,1
58,No,390,1,4,1,422,4,Male,32,1,2,3,5660,17056,2,13,3,4,80,1,12,2,3,5,3,1,2
31,No,691,5,4,1,423,3,Male,86,3,1,4,4821,10077,0,12,3,3,80,1,6,4,3,5,2,0,3
31,No,106,2,3,1,424,1,Male,62,2,2,1,6410,17822,3,12,3,4,80,0,9,1,3,2,2,1,0
45,No,1249,7,3,1,425,1,Male,97,3,3,1,5210,20308,1,18,3,1,80,1,24,2,3,24,9,9,11
31,No,192,2,4,1,426,3,Male,32,3,1,4,2695,7747,0,18,3,2,80,1,3,2,1,2,2,2,2
33,No,553,5,4,1,428,4,Female,74,3,3,2,11878,23364,6,11,3,2,80,2,12,2,3,10,6,8,8
39,No,117,10,1,1,429,3,Male,99,3,4,1,17068,5355,1,14,3,4,80,0,21,3,3,21,9,11,10
43,No,185,10,4,1,430,3,Female,33,3,1,4,2455,10675,0,19,3,1,80,0,9,5,3,8,7,1,7
49,No,1091,1,2,1,431,3,Female,90,2,4,3,13964,17810,7,12,3,4,80,0,25,2,3,7,1,0,7
52,Yes,723,8,4,1,433,3,Male,85,2,2,2,4941,17747,2,15,3,1,80,0,11,3,2,8,2,7,7
27,No,1220,5,3,1,434,3,Female,85,3,1,2,2478,20938,1,12,3,2,80,0,4,2,2,4,3,1,2
32,No,588,8,2,1,436,3,Female,65,2,2,2,5228,24624,1,11,3,4,80,0,13,2,3,13,12,11,9
27,No,1377,2,3,1,437,4,Male,74,3,2,3,4478,5242,1,11,3,1,80,0,5,3,3,5,4,0,4
31,No,691,7,3,1,438,4,Male,73,3,2,4,7547,7143,4,12,3,4,80,3,13,3,3,7,7,1,7
32,No,1018,2,4,1,439,1,Female,74,4,2,4,5055,10557,7,16,3,3,80,0,10,0,2,7,7,0,7
28,Yes,1157,2,4,1,440,1,Male,84,1,1,4,3464,24737,5,13,3,4,80,0,5,4,2,3,2,2,2
30,No,1275,28,2,1,441,4,Female,64,3,2,4,5775,11934,1,13,3,4,80,2,11,2,3,10,8,1,9
31,No,798,7,2,1,442,3,Female,48,2,3,3,8943,14034,1,24,4,1,80,1,10,2,3,10,9,8,9
39,No,672,7,2,1,444,3,Male,54,2,5,4,19272,21141,1,15,3,1,80,1,21,2,3,21,9,13,3
39,Yes,1162,3,2,1,445,4,Female,41,3,2,3,5238,17778,4,18,3,1,80,0,12,3,2,1,0,0,0
33,No,508,10,3,1,446,2,Male,46,2,2,4,4682,4317,3,14,3,3,80,0,9,6,2,7,7,0,1
47,No,1482,5,5,1,447,4,Male,42,3,5,3,18300,16375,4,11,3,2,80,1,21,2,3,3,2,1,1
43,No,559,10,4,1,448,3,Female,82,2,2,3,5257,6227,1,11,3,2,80,1,9,3,4,9,7,0,0
27,No,210,1,1,1,449,3,Male,73,3,2,2,6349,22107,0,13,3,4,80,1,6,0,3,5,4,1,4
54,No,928,20,4,1,450,4,Female,31,3,2,3,4869,16885,3,12,3,4,80,0,20,4,2,4,3,0,3
43,No,1001,7,3,1,451,3,Female,43,3,3,1,9985,9262,8,16,3,1,80,1,10,1,2,1,0,0,0
45,No,549,8,4,1,452,4,Male,75,3,2,4,3697,9278,9,14,3,1,80,2,12,3,3,10,9,9,8
40,No,1124,1,2,1,453,2,Male,57,1,2,4,7457,13273,2,22,4,3,80,3,6,2,2,4,3,0,2
29,Yes,318,8,4,1,454,2,Male,77,1,1,1,2119,4759,1,11,3,4,80,0,7,4,2,7,7,0,7
29,No,738,9,5,1,455,2,Male,30,2,1,4,3983,7621,0,17,3,3,80,0,4,2,3,3,2,2,2
30,No,570,5,3,1,456,4,Female,30,2,2,3,6118,5431,1,13,3,3,80,3,10,2,3,10,9,1,2
27,No,1130,8,4,1,458,2,Female,56,3,2,2,6214,3415,1,18,3,1,80,1,8,3,3,8,7,0,7
37,No,1192,5,2,1,460,4,Male,61,3,2,4,6347,23177,7,16,3,3,80,2,8,2,2,6,2,0,4
38,No,343,15,2,1,461,3,Male,92,2,3,4,11510,15682,0,14,3,2,80,1,12,3,3,11,10,2,9
31,No,1232,7,4,1,462,3,Female,39,3,3,4,7143,25713,1,14,3,3,80,0,11,2,2,11,9,4,10
29,No,144,10,1,1,463,4,Female,39,2,2,2,8268,11866,1,14,3,1,80,2,7,2,3,7,7,1,7
35,No,1296,5,4,1,464,3,Male,62,3,3,2,8095,18264,0,13,3,4,80,0,17,5,3,16,6,0,13
23,No,1309,26,1,1,465,3,Male,83,3,1,4,2904,16092,1,12,3,3,80,2,4,2,2,4,2,0,2
41,No,483,6,3,1,466,4,Male,95,2,2,2,6032,10110,6,15,3,4,80,0,8,3,3,5,4,1,2
47,No,1309,4,1,1,467,2,Male,99,3,2,3,2976,25751,3,19,3,1,80,0,5,3,3,0,0,0,0
42,No,810,23,5,1,468,1,Female,44,3,4,4,15992,15901,2,14,3,2,80,0,16,2,3,1,0,0,0
29,No,746,2,3,1,469,4,Male,61,3,2,3,4649,16928,1,14,3,1,80,1,4,3,2,4,3,0,2
42,No,544,2,1,1,470,3,Male,52,3,1,3,2696,24017,0,11,3,3,80,1,4,5,3,3,2,1,0
32,No,1062,2,3,1,471,3,Female,75,3,1,2,2370,3956,1,13,3,3,80,1,8,4,3,8,0,0,7
48,No,530,29,1,1,473,1,Female,91,3,3,3,12504,23978,3,21,4,2,80,1,15,3,1,0,0,0,0
37,No,1319,6,3,1,474,3,Male,51,4,2,1,5974,17001,4,13,3,1,80,2,13,2,3,7,7,6,7
30,No,641,25,2,1,475,4,Female,85,3,2,3,4736,6069,7,12,3,2,80,1,4,2,4,2,2,2,2
26,No,933,1,3,1,476,3,Male,57,3,2,3,5296,20156,1,17,3,2,80,1,8,3,3,8,7,7,7
42,No,1332,2,4,1,477,1,Male,98,2,2,4,6781,17078,3,23,4,2,80,0,14,6,3,1,0,0,0
21,Yes,756,1,1,1,478,1,Female,99,2,1,2,2174,9150,1,11,3,3,80,0,3,3,3,3,2,1,2
36,No,845,1,5,1,479,4,Female,45,3,2,4,6653,15276,4,15,3,2,80,0,7,6,3,1,0,0,0
36,No,541,3,4,1,481,1,Male,48,2,3,4,9699,7246,4,11,3,1,80,1,16,2,3,13,9,1,12
57,No,593,1,4,1,482,4,Male,88,3,2,3,6755,2967,2,11,3,3,80,0,15,2,3,3,2,1,2
40,No,1171,10,4,1,483,4,Female,46,4,1,3,2213,22495,3,13,3,3,80,1,10,3,3,7,7,1,7
21,No,895,9,2,1,484,1,Male,39,3,1,4,2610,2851,1,24,4,3,80,0,3,3,2,3,2,2,2
33,Yes,350,5,3,1,485,4,Female,34,3,1,3,2851,9150,1,13,3,2,80,0,1,2,3,1,0,0,0
37,No,921,10,3,1,486,3,Female,98,3,1,1,3452,17663,6,20,4,2,80,1,17,3,3,5,4,0,3
46,No,1144,7,4,1,487,3,Female,30,3,2,3,5258,16044,2,14,3,3,80,0,7,2,4,1,0,0,0
41,Yes,143,4,3,1,488,1,Male,56,3,2,2,9355,9558,1,18,3,3,80,0,8,5,3,8,7,7,7
50,No,1046,10,3,1,491,4,Male,100,2,3,4,10496,2755,6,15,3,4,80,0,20,2,3,4,3,1,3
40,Yes,575,22,2,1,492,3,Male,68,2,2,3,6380,6110,2,12,3,1,80,2,8,6,3,6,4,1,0
31,No,408,9,4,1,493,3,Male,42,2,1,2,2657,7551,0,16,3,4,80,0,3,5,3,2,2,2,2
21,Yes,156,12,3,1,494,3,Female,90,4,1,2,2716,25422,1,15,3,4,80,0,1,0,3,1,0,0,0
29,No,1283,23,3,1,495,4,Male,54,3,1,4,2201,18168,9,16,3,4,80,0,6,4,3,3,2,1,2
35,No,755,9,4,1,496,3,Male,97,2,2,2,6540,19394,9,19,3,3,80,0,10,5,3,1,1,0,0
27,No,1469,1,2,1,497,4,Male,82,3,1,2,3816,17881,1,11,3,2,80,1,5,2,3,5,2,0,4
28,No,304,9,4,1,498,2,Male,92,3,2,4,5253,20750,1,16,3,4,80,0,7,1,3,7,5,0,7
49,No,1261,7,3,1,499,2,Male,31,2,3,3,10965,12066,8,24,4,3,80,0,26,2,3,5,2,0,0
51,No,1178,14,2,1,500,3,Female,87,3,2,4,4936,14862,4,11,3,3,80,1,18,2,2,7,7,0,7
36,No,329,2,3,1,501,4,Female,96,3,1,3,2543,11868,4,13,3,2,80,1,6,3,3,2,2,2,2
34,Yes,1362,19,3,1,502,1,Male,67,4,2,4,5304,4652,8,13,3,2,80,0,9,3,2,5,2,0,4
55,No,1311,2,3,1,505,3,Female,97,3,4,4,16659,23258,2,13,3,3,80,0,30,2,3,5,4,1,2
24,No,1371,10,4,1,507,4,Female,77,3,2,3,4260,5915,1,12,3,4,80,1,5,2,4,5,2,0,3
30,No,202,2,1,1,508,3,Male,72,3,1,2,2476,17434,1,18,3,1,80,1,1,3,3,1,0,0,0
26,Yes,575,3,1,1,510,3,Male,73,3,1,1,3102,6582,0,22,4,3,80,0,7,2,3,6,4,0,4
22,No,253,11,3,1,511,1,Female,43,3,1,2,2244,24440,1,13,3,4,80,1,2,1,3,2,1,1,2
36,No,164,2,2,1,513,2,Male,61,2,3,3,7596,3809,1,13,3,2,80,2,10,2,3,10,9,9,0
30,Yes,464,4,3,1,514,3,Male,40,3,1,4,2285,3427,9,23,4,3,80,0,3,4,3,1,0,0,0
37,No,1107,14,3,1,515,4,Female,95,3,1,1,3034,26914,1,12,3,3,80,1,18,2,2,18,7,12,17
40,No,759,2,2,1,516,4,Female,46,3,2,2,5715,22553,7,12,3,3,80,2,8,5,3,5,4,1,3
42,No,201,1,4,1,517,2,Female,95,3,1,1,2576,20490,3,16,3,2,80,1,8,5,3,5,2,1,2
37,No,1305,10,4,1,518,3,Male,49,3,2,2,4197,21123,2,12,3,4,80,0,18,2,2,1,0,0,1
43,No,982,12,3,1,520,1,Male,59,2,4,2,14336,4345,1,11,3,3,80,1,25,3,3,25,10,3,9
40,No,555,2,3,1,521,2,Female,78,2,2,3,3448,13436,6,22,4,2,80,1,20,3,3,1,0,0,0
54,No,821,5,2,1,522,1,Male,86,3,5,1,19406,8509,4,11,3,3,80,1,24,4,2,4,2,1,2
34,No,1381,4,4,1,523,3,Female,72,3,2,3,6538,12740,9,15,3,1,80,1,6,3,3,3,2,1,2
31,No,480,7,2,1,524,2,Female,31,3,2,1,4306,4156,1,12,3,2,80,1,13,5,1,13,10,3,12
43,No,313,21,3,1,525,4,Male,61,3,1,4,2258,15238,7,20,4,1,80,1,8,1,3,3,2,1,2
43,No,1473,8,4,1,526,3,Female,74,3,2,3,4522,2227,4,14,3,4,80,0,8,3,3,5,2,0,2
25,No,891,4,2,1,527,2,Female,99,2,2,4,4487,12090,1,11,3,2,80,0,5,3,3,5,4,1,3
37,No,1063,25,5,1,529,2,Female,72,3,2,3,4449,23866,3,15,3,1,80,2,15,2,3,13,11,10,7
31,No,329,1,2,1,530,4,Male,98,2,1,1,2218,16193,1,12,3,3,80,1,4,3,3,4,2,3,2
39,No,1218,1,1,1,531,2,Male,52,3,5,3,19197,8213,1,14,3,3,80,1,21,3,3,21,8,1,6
56,No,906,6,3,1,532,3,Female,86,4,4,1,13212,18256,9,11,3,4,80,3,36,0,2,7,7,7,7
30,No,1082,12,3,1,533,2,Female,83,3,2,3,6577,19558,0,11,3,2,80,0,6,6,3,5,4,4,4
41,No,645,1,3,1,534,2,Male,49,4,3,1,8392,19566,1,16,3,3,80,1,10,2,3,10,7,0,7
28,No,1300,17,2,1,536,3,Male,79,3,2,1,4558,13535,1,12,3,4,80,1,10,2,3,10,0,1,8
25,Yes,688,3,3,1,538,1,Male,91,3,1,1,4031,9396,5,13,3,3,80,1,6,5,3,2,2,0,2
52,No,319,3,3,1,543,4,Male,39,2,3,3,7969,19609,2,14,3,3,80,0,28,4,3,5,4,0,4
45,No,192,10,2,1,544,1,Male,69,3,1,4,2654,9655,3,21,4,4,80,2,8,3,2,2,2,0,2
52,No,1490,4,2,1,546,4,Female,30,3,4,4,16555,10310,2,13,3,4,80,0,31,2,1,5,2,1,4
42,No,532,29,2,1,547,1,Female,92,3,2,3,4556,12932,2,11,3,2,80,1,19,3,3,5,4,0,2
30,No,317,2,3,1,548,3,Female,43,1,2,4,6091,24793,2,20,4,3,80,0,11,2,3,5,4,0,2
60,No,422,7,3,1,549,1,Female,41,3,5,1,19566,3854,5,11,3,4,80,0,33,5,1,29,8,11,10
46,No,1485,18,3,1,550,3,Female,87,3,2,3,4810,26314,2,14,3,3,80,1,19,5,2,10,7,0,8
42,No,1368,28,4,1,551,4,Female,88,2,2,4,4523,4386,0,11,3,4,80,3,7,4,4,6,5,0,4
24,Yes,1448,1,1,1,554,1,Female,62,3,1,2,3202,21972,1,16,3,2,80,0,6,4,3,5,3,1,4
34,Yes,296,6,2,1,555,4,Female,33,1,1,3,2351,12253,0,16,3,4,80,1,3,3,2,2,2,1,0
38,No,1490,2,2,1,556,4,Male,42,3,1,4,1702,12106,1,23,4,3,80,1,1,3,3,1,0,0,0
40,No,1398,2,4,1,558,3,Female,79,3,5,3,18041,13022,0,14,3,4,80,0,21,2,3,20,15,1,12
26,No,1349,23,3,1,560,1,Female,90,3,1,4,2886,3032,1,22,4,2,80,2,3,3,1,3,2,0,2
30,No,1400,3,3,1,562,3,Male,53,3,1,4,2097,16734,4,15,3,3,80,1,9,3,1,5,3,1,4
29,No,986,3,4,1,564,2,Male,93,2,3,3,11935,21526,1,18,3,3,80,0,10,2,3,10,2,0,7
29,Yes,408,25,5,1,565,3,Female,71,2,1,2,2546,18300,5,16,3,2,80,0,6,2,4,2,2,1,1
19,Yes,489,2,2,1,566,1,Male,52,2,1,4,2564,18437,1,12,3,3,80,0,1,3,4,1,0,0,0
30,No,1398,22,4,1,567,3,Female,69,3,3,1,8412,2890,0,11,3,3,80,0,10,3,3,9,8,7,8
57,No,210,29,3,1,568,1,Male,56,2,4,4,14118,22102,3,12,3,3,80,1,32,3,2,1,0,0,0
50,No,1099,29,4,1,569,2,Male,88,2,4,3,17046,9314,0,15,3,2,80,1,28,2,3,27,10,15,7
30,No,1116,2,3,1,571,3,Female,49,3,1,4,2564,7181,0,14,3,3,80,0,12,2,2,11,7,6,7
60,No,1499,28,3,1,573,3,Female,80,2,3,1,10266,2845,4,19,3,4,80,0,22,5,4,18,13,13,11
47,No,983,2,2,1,574,1,Female,65,3,2,4,5070,7389,5,13,3,3,80,3,20,2,3,5,0,0,4
46,No,1009,2,3,1,575,1,Male,51,3,4,3,17861,2288,6,13,3,3,80,0,26,2,1,3,2,0,1
35,No,144,22,3,1,577,4,Male,46,1,1,3,4230,19225,0,15,3,3,80,0,6,2,3,5,4,4,3
54,No,548,8,4,1,578,3,Female,42,3,2,3,3780,23428,7,11,3,3,80,0,19,3,3,1,0,0,0
34,No,1303,2,4,1,579,4,Male,62,2,1,3,2768,8416,3,12,3,3,80,1,14,3,3,7,3,5,7
46,No,1125,10,3,1,580,3,Female,94,2,3,4,9071,11563,2,19,3,3,80,1,15,3,3,3,2,1,2
31,No,1274,9,1,1,581,3,Male,33,3,3,2,10648,14394,1,25,4,4,80,1,13,6,4,13,8,0,8
33,Yes,1277,15,1,1,582,2,Male,56,3,3,3,13610,24619,7,12,3,4,80,0,15,2,4,7,6,7,7
33,Yes,587,10,1,1,584,1,Male,38,1,1,4,3408,6705,7,13,3,1,80,3,8,2,3,4,3,1,3
30,No,413,7,1,1,585,4,Male,57,3,1,2,2983,18398,0,14,3,1,80,0,4,3,3,3,2,1,2
35,No,1276,16,3,1,586,4,Male,72,3,3,3,7632,14295,4,12,3,3,80,0,10,2,3,8,7,0,0
31,Yes,534,20,3,1,587,1,Male,66,3,3,3,9824,22908,3,12,3,1,80,0,12,2,3,1,0,0,0
34,Yes,988,23,3,1,590,2,Female,43,3,3,1,9950,11533,9,15,3,3,80,3,11,2,3,3,2,0,2
42,No,1474,5,2,1,591,2,Male,97,3,1,3,2093,9260,4,17,3,4,80,1,8,4,3,2,2,2,0
36,No,635,10,4,1,592,2,Male,32,3,3,4,9980,15318,1,14,3,4,80,0,10,3,2,10,3,9,7
22,Yes,1368,4,1,1,593,3,Male,99,2,1,3,3894,9129,5,16,3,3,80,0,4,3,3,2,2,1,2
48,No,163,2,5,1,595,2,Female,37,3,2,4,4051,19658,2,14,3,1,80,1,14,2,3,9,7,6,7
55,No,1117,18,5,1,597,1,Female,83,3,4,2,16835,9873,3,23,4,4,80,0,37,2,3,10,9,7,7
41,No,267,10,2,1,599,4,Male,56,3,2,4,6230,13430,7,14,3,4,80,0,16,3,3,14,3,1,10
35,No,619,1,3,1,600,2,Male,85,3,2,3,4717,18659,9,11,3,3,80,0,15,2,3,11,9,6,9
40,No,302,6,3,1,601,2,Female,75,3,4,3,13237,20364,7,15,3,3,80,0,22,3,3,20,6,5,13
39,No,443,8,1,1,602,3,Female,48,3,1,3,3755,17872,1,11,3,1,80,1,8,3,3,8,3,0,7
31,No,828,2,1,1,604,2,Male,77,3,2,4,6582,8346,4,13,3,3,80,0,10,2,4,6,5,0,5
42,No,319,24,3,1,605,4,Male,56,3,3,1,7406,6950,1,21,4,4,80,1,10,5,2,10,9,5,8
45,No,561,2,3,1,606,4,Male,61,3,2,2,4805,16177,0,19,3,2,80,1,9,3,4,8,7,3,7
26,Yes,426,17,4,1,608,2,Female,58,3,1,3,2741,22808,0,11,3,2,80,1,8,2,2,7,7,1,0
29,No,232,19,3,1,611,4,Male,34,3,2,4,4262,22645,4,12,3,2,80,2,8,2,4,3,2,1,2
33,No,922,1,5,1,612,1,Female,95,4,4,3,16184,22578,4,19,3,3,80,1,10,2,3,6,1,0,5
31,No,688,7,3,1,613,3,Male,44,2,3,4,11557,25291,9,21,4,3,80,1,10,3,2,5,4,0,1
18,Yes,1306,5,3,1,614,2,Male,69,3,1,2,1878,8059,1,14,3,4,80,0,0,3,3,0,0,0,0
40,No,1094,28,3,1,615,3,Male,58,1,3,1,10932,11373,3,15,3,3,80,1,20,2,3,1,0,0,1
41,No,509,2,4,1,616,1,Female,62,2,2,3,6811,2112,2,17,3,1,80,0,10,3,3,8,7,0,7
26,No,775,29,2,1,618,1,Male,45,3,2,3,4306,4267,5,12,3,1,80,2,8,5,3,0,0,0,0
35,No,195,1,3,1,620,1,Female,80,3,2,3,4859,6698,1,16,3,4,80,0,5,3,3,5,4,0,3
34,No,258,21,4,1,621,4,Male,74,4,2,4,5337,19921,1,12,3,4,80,0,10,3,3,10,7,5,7
26,Yes,471,24,3,1,622,3,Male,66,1,1,4,2340,23213,1,18,3,2,80,0,1,3,1,1,0,0,0
37,No,799,1,3,1,623,2,Female,59,3,3,4,7491,23848,4,17,3,4,80,0,12,3,4,6,5,1,2
46,No,1034,18,1,1,624,1,Female,86,3,3,3,10527,8984,5,11,3,4,80,0,28,3,2,2,2,1,2
41,No,1276,2,5,1,625,2,Female,91,3,4,1,16595,5626,7,16,3,2,80,1,22,2,3,18,16,11,8
37,No,142,9,4,1,626,1,Male,69,3,3,2,8834,24666,1,13,3,4,80,1,9,6,3,9,5,7,7
52,No,956,6,2,1,630,4,Male,78,3,2,1,5577,22087,3,12,3,2,80,2,18,3,3,10,9,6,9
32,Yes,1474,11,4,1,631,4,Male,60,4,2,3,4707,23914,8,12,3,4,80,0,6,2,3,4,2,1,2
24,No,535,24,3,1,632,4,Male,38,3,1,4,2400,5530,0,13,3,3,80,2,3,3,3,2,2,2,1
38,No,1495,10,3,1,634,3,Female,76,3,2,3,9824,22174,3,19,3,3,80,1,18,4,3,1,0,0,0
37,No,446,1,4,1,635,2,Female,65,3,2,2,6447,15701,6,12,3,2,80,1,8,2,2,6,5,4,3
49,No,1245,18,4,1,638,4,Male,58,2,5,3,19502,2125,1,17,3,3,80,1,31,5,3,31,9,0,9
24,No,691,23,3,1,639,2,Male,89,4,1,4,2725,21630,1,11,3,2,80,2,6,3,3,6,5,1,4
26,No,703,28,2,1,641,1,Male,66,3,2,2,6272,7428,1,20,4,4,80,2,6,5,4,5,3,1,4
24,No,823,17,2,1,643,4,Male,94,2,1,2,2127,9100,1,21,4,4,80,1,1,2,3,1,0,0,0
50,No,1246,3,3,1,644,1,Male,99,3,5,2,18200,7999,1,11,3,3,80,1,32,2,3,32,5,10,7
25,No,622,13,1,1,645,2,Male,40,3,1,3,2096,26376,1,11,3,3,80,0,7,1,3,7,4,0,6
24,Yes,1287,7,3,1,647,1,Female,55,3,1,3,2886,14168,1,16,3,4,80,1,6,4,3,6,3,1,2
30,Yes,448,12,4,1,648,2,Male,74,2,1,1,2033,14470,1,18,3,3,80,1,1,2,4,1,0,0,0
34,No,254,1,2,1,649,2,Male,83,2,1,4,3622,22794,1,13,3,4,80,1,6,3,3,6,5,1,3
31,Yes,1365,13,4,1,650,2,Male,46,3,2,1,4233,11512,2,17,3,3,80,0,9,2,1,3,1,1,2
35,No,538,25,2,1,652,1,Male,54,2,2,4,3681,14004,4,14,3,4,80,0,9,3,3,3,2,0,2
31,No,525,6,4,1,653,1,Male,66,4,2,4,5460,6219,4,22,4,4,80,2,13,4,4,7,7,5,7
27,No,798,6,4,1,655,1,Female,66,2,1,3,2187,5013,0,12,3,3,80,2,6,5,2,5,3,0,3
37,No,558,2,3,1,656,4,Male,75,3,2,3,9602,3010,4,11,3,3,80,1,17,3,2,3,0,1,0
20,No,959,1,3,1,657,4,Female,83,2,1,2,2836,11757,1,13,3,4,80,0,1,0,4,1,0,0,0
42,No,622,2,4,1,659,3,Female,81,3,2,4,4089,5718,1,13,3,2,80,2,10,4,3,10,2,2,2
43,No,782,6,4,1,661,2,Male,50,2,4,4,16627,2671,4,14,3,3,80,1,21,3,2,1,0,0,0
38,No,362,1,1,1,662,3,Female,43,3,1,1,2619,14561,3,17,3,4,80,0,8,3,2,0,0,0,0
43,No,1001,9,5,1,663,4,Male,72,3,2,3,5679,19627,3,13,3,2,80,1,10,3,3,8,7,4,7
48,No,1236,1,4,1,664,4,Female,40,2,4,1,15402,17997,7,11,3,1,80,1,21,3,1,3,2,0,2
44,No,1112,1,4,1,665,1,Female,50,2,2,3,5985,26894,4,11,3,2,80,0,10,1,4,2,2,0,2
34,No,204,14,3,1,666,3,Female,31,3,1,3,2579,2912,1,18,3,4,80,2,8,3,3,8,2,0,6
27,Yes,1420,2,1,1,667,3,Male,85,3,1,1,3041,16346,0,11,3,2,80,1,5,3,3,4,3,0,2
21,No,1343,22,1,1,669,3,Male,49,3,1,3,3447,24444,1,11,3,3,80,0,3,2,3,3,2,1,2
44,No,1315,3,4,1,671,4,Male,35,3,5,4,19513,9358,4,12,3,1,80,1,26,2,4,2,2,0,1
22,No,604,6,1,1,675,1,Male,69,3,1,3,2773,12145,0,20,4,4,80,0,3,3,3,2,2,2,2
33,No,1216,8,4,1,677,3,Male,39,3,2,3,7104,20431,0,12,3,4,80,0,6,3,3,5,0,1,2
